full_name,email,id,frequency,book_format,genres,fav_author
Abigael Romanin,omulvin0@tumblr.com,6626243,Once a month,E-book,Fantasy,Ole Mulvin
Tedda Dhennin,rdoylend1@google.ca,6516198,Once a week,Audiobook,Fantasy,Raine Doylend
Kent Corneck,hkomorowski2@nih.gov,6591269,Once a month,Audiobook,Historical Fiction,Heriberto Komorowski
Matthieu Dignam,odalmon3@fastcompany.com,6500645,Once a week,E-book,Mystery,Odo Dalmon
Patty Rakestraw,trosell4@thetimes.co.uk,6780299,Once a week,E-book,Adventure,Terrie Rosell
Beau Bourhill,wshotton5@nydailynews.com,6663773,Once a month,Physical,Horror,Welch Shotton
Carmelita Butland,ymacguigan6@stanford.edu,6708206,Once a month,Audiobook,Fantasy,Yves MacGuigan
Juliana Manion,lhatherleigh7@myspace.com,6727612,Once a month,Physical,Science Fiction,Lauritz Hatherleigh
Ignace Joburn,gmaclaig8@usnews.com,6603859,Once a week,Physical,Adventure,Gil MacLaig
Rex Cradick,jsoloway9@wordpress.org,6740659,Once a week,E-book,Fantasy,Joye Soloway
Celia McKellar,fdurnilla@opera.com,6558481,Once a week,E-book,Mystery,Ferdie Durnill
Baxy Langstone,yyouensb@ftc.gov,6704376,Once a month,Physical,Horror,Yoko Youens
Karel Robardley,sohoeyc@weebly.com,6628139,Once a week,Physical,Fantasy,Stavros O'Hoey
Lottie Minton,afolkd@mashable.com,6805966,Once a month,E-book,Fantasy,Alonso Folk
Karlik Lainton,eafflecke@tamu.edu,6563553,Once a week,Physical,Science Fiction,Esmeralda Affleck
Tudor Garard,mhourihanf@w3.org,6812561,Once a week,Audiobook,Historical Fiction,Margi Hourihan
Blancha Moscone,cneagleg@howstuffworks.com,6833249,Once a month,Physical,Horror,Candis Neagle
Hilton Mushet,roakhillh@geocities.jp,6758080,Once a week,E-book,Fantasy,Rolf Oakhill
Sam Swinburne,cbaldacchii@blogs.com,6721780,Once a week,Physical,Mystery,Crosby Baldacchi
Heddi Ribbon,rgreenmanj@ameblo.jp,6628663,Once a week,E-book,Science Fiction,Rufus Greenman
Carlie Ferroli,dedgink@typepad.com,6831840,Once a week,E-book,Thriller,Donnie Edgin
Frasquito Woodrough,ashillanl@blogtalkradio.com,6520639,Once a week,E-book,Romance,Anne-corinne Shillan
Madella Hannay,oorsm@linkedin.com,6562271,Once a month,E-book,Romance,Odilia Ors
Anna Draayer,crilstonn@aol.com,6572151,Once a week,E-book,Fantasy,Cal Rilston
Cecilla Killen,ebearo@latimes.com,6545979,Once a month,Audiobook,Horror,Evvie Bear
Benedetto Brazenor,igaskerp@eventbrite.com,6634252,Once a month,Physical,Science Fiction,Idalia Gasker
Barnie Renn,tfordyq@discuz.net,6614236,Once a month,E-book,Fantasy,Templeton Fordy
Daniela Blasing,gfreddir@ucsd.edu,6612043,Once a week,Audiobook,Historical Fiction,Guillema Freddi
Lena Penni,avarnhams@dot.gov,6761753,Once a month,E-book,Historical Fiction,Abagail Varnham
Marijn Sitford,fstavet@phpbb.com,6633921,Once a week,E-book,Horror,Fidelity Stave
Rozalin Topes,hcannyu@google.com.br,6600178,Once a week,Audiobook,Mystery,Heinrick Canny
Lockwood Tocqueville,marnallv@zimbio.com,6829813,Once a month,Audiobook,Romance,Masha Arnall
Alaster Huyghe,jsladew@narod.ru,6831510,Once a week,Audiobook,Science Fiction,Jade Slade
Marja Isakowicz,jtrowelx@upenn.edu,6670611,Once a month,Physical,Thriller,Jennica Trowel
Shani Curbishley,kgreschkey@dailymotion.com,6750034,Once a week,E-book,Romance,Kelley Greschke
Tricia Cawkill,sgilcriestz@stanford.edu,6826908,Once a month,E-book,Science Fiction,Shermie Gilcriest
Rori Underwood,bschops10@samsung.com,6740917,Once a week,Audiobook,Historical Fiction,Bonita Schops
Felecia Stuchberry,fscopham11@theguardian.com,6628072,Once a month,Audiobook,Fantasy,Franciskus Scopham
Magda Surgeon,rfoss12@merriam-webster.com,6544248,Once a month,Audiobook,Science Fiction,Rice Foss
Sol McGrey,sholton13@spiegel.de,6729849,Once a month,Audiobook,Romance,Sharl Holton
Scottie Vasile,lsherrard14@theatlantic.com,6814983,Once a month,Physical,Fantasy,Lane Sherrard
Cassius Cheverell,kkiledal15@stumbleupon.com,6835075,Once a month,Audiobook,Horror,Kenneth Kiledal
Elisabetta Jamblin,jmc16@vk.com,6811386,Once a month,Audiobook,Thriller,Joceline Mc Menamin
Ferdy Lob,ccottham17@nasa.gov,6600270,Once a month,E-book,Mystery,Carlotta Cottham
Terry Torfin,dkick18@last.fm,6671122,Once a week,Physical,Science Fiction,Didi Kick
Flinn Danilenko,epawlyn19@ifeng.com,6622748,Once a week,Physical,Adventure,Elisabetta Pawlyn
Obadias Scrivinor,cchestnutt1a@loc.gov,6638574,Once a week,Audiobook,Mystery,Chandal Chestnutt
Cristal Burg,sfransoni1b@sciencedaily.com,6656823,Once a week,E-book,Mystery,Scarface Fransoni
Gelya Havile,cwharin1c@sfgate.com,6565373,Once a month,Audiobook,Historical Fiction,Curtice Wharin
Missy Nitti,arichichi1d@360.cn,6822144,Once a month,Physical,Mystery,Alanson Richichi
Grantham Simla,jmeineck1e@ed.gov,6743471,Once a week,Physical,Thriller,Jules Meineck
Vonnie Spick,jcollman1f@thetimes.co.uk,6717993,Once a month,Audiobook,Mystery,Justis Collman
Calla Cray,llongworth1g@creativecommons.org,6724851,Once a week,Audiobook,Historical Fiction,Leela Longworth
Lynda Jacques,csutterby1h@nytimes.com,6631551,Once a week,Physical,Horror,Cassey Sutterby
Sammy Smeath,bwinman1i@blogspot.com,6614276,Once a month,E-book,Historical Fiction,Brynn Winman
Sherilyn Shelbourne,dhadlee1j@phoca.cz,6530478,Once a week,Physical,Thriller,Dolf Hadlee
Elly Gumary,cforrestill1k@wired.com,6634792,Once a week,E-book,Mystery,Cordie Forrestill
Elliott Taveriner,meric1l@tinypic.com,6834042,Once a month,E-book,Historical Fiction,Michale Eric
Elmer Shwalbe,miannello1m@businessweek.com,6818503,Once a month,Audiobook,Romance,Millisent Iannello
Vassili Selway,crampling1n@admin.ch,6501820,Once a week,E-book,Science Fiction,Claretta Rampling
Falkner Wynter,kjira1o@bing.com,6606280,Once a month,E-book,Thriller,Kort Jira
Alan O'Corrin,grusbridge1p@wsj.com,6557937,Once a week,Physical,Romance,Gina Rusbridge
Justus Stuart,csuffield1q@networksolutions.com,6759330,Once a week,E-book,Thriller,Codee Suffield
Miguelita Rance,cwarrick1r@yahoo.co.jp,6754370,Once a month,E-book,Thriller,Caleb Warrick
Jody Runge,mtomaszewski1s@ocn.ne.jp,6676599,Once a week,Physical,Thriller,Merissa Tomaszewski
Shani Thiolier,porrum1t@lulu.com,6511996,Once a week,Physical,Historical Fiction,Pen Orrum
Erinna Lawrey,awoolvett1u@ucoz.com,6545512,Once a month,Physical,Thriller,Ana Woolvett
Quintin Samweyes,ajenken1v@live.com,6591456,Once a week,Audiobook,Mystery,Ansel Jenken
Fields Atling,sorth1w@skyrock.com,6560527,Once a week,Audiobook,Historical Fiction,Shamus Orth
Shayne Salamon,falbinson1x@foxnews.com,6589166,Once a week,E-book,Romance,Farand Albinson
Claudina Wookey,afipp1y@oaic.gov.au,6503263,Once a week,Audiobook,Fantasy,Andie Fipp
Janel Jossum,rhartburn1z@usnews.com,6759043,Once a month,Audiobook,Science Fiction,Rodger Hartburn
Xenos Bodocs,mbarkus20@biglobe.ne.jp,6606554,Once a week,Physical,Mystery,Marcellus Barkus
Aeriell Sheara,creyna21@whitehouse.gov,6583594,Once a month,E-book,Historical Fiction,Codie Reyna
Arlen Hogbin,ogoodban22@tiny.cc,6516610,Once a month,E-book,Adventure,Olivier Goodban
Jillie Plane,jgayden23@ucsd.edu,6770668,Once a week,Audiobook,Fantasy,Julienne Gayden
Angel Eberts,uingle24@purevolume.com,6731486,Once a month,Audiobook,Romance,Urban Ingle
Wallas Taynton,vgleave25@adobe.com,6618409,Once a month,Audiobook,Mystery,Veronike Gleave
Joceline Boak,hlegge26@pcworld.com,6633030,Once a week,E-book,Adventure,Hershel Legge
Stormie Arkwright,egradley27@163.com,6624650,Once a month,E-book,Science Fiction,Elden Gradley
Ardine Conner,cthurman28@guardian.co.uk,6682353,Once a week,Physical,Mystery,Cornelle Thurman
Silvain Zanni,gbowton29@springer.com,6640010,Once a month,Audiobook,Adventure,Gwenni Bowton
Queenie Maplethorp,takam2a@scientificamerican.com,6596230,Once a month,E-book,Mystery,Tommy Akam
Lezley Costley,gwrankling2b@technorati.com,6661148,Once a week,E-book,Science Fiction,Godfry Wrankling
Steven Goldson,cgowar2c@ibm.com,6805823,Once a week,Physical,Fantasy,Cullie Gowar
Madison Halladay,rfrangello2d@google.ca,6809387,Once a month,Audiobook,Adventure,Rory Frangello
Vick Tiptaft,rludovico2e@csmonitor.com,6574527,Once a month,Physical,Fantasy,Ramonda Ludovico
Odele Colisbe,bbush2f@qq.com,6763512,Once a week,E-book,Horror,Binky Bush
Lorita Antonnikov,aclashe2g@soup.io,6659234,Once a week,E-book,Science Fiction,Ada Clashe
Caresa Thiem,clethlay2h@newsvine.com,6743291,Once a month,Physical,Romance,Con Lethlay
Sawyere Drogan,kashelford2i@icq.com,6507464,Once a month,Physical,Science Fiction,Kelby Ashelford
Lorie Ewens,valvy2j@springer.com,6831999,Once a month,Physical,Fantasy,Vere Alvy
Lemar Gravell,astreader2k@google.com.au,6538420,Once a week,Audiobook,Adventure,Anthiathia Streader
Thom Blumson,rsnowdon2l@google.co.uk,6690390,Once a week,E-book,Historical Fiction,Rollins Snowdon
Caryn Chritchley,kmakiver2m@usa.gov,6770524,Once a week,Audiobook,Romance,Kristin Makiver
Allison Bielfeldt,rronnay2n@youtube.com,6801528,Once a month,E-book,Adventure,Randene Ronnay
Lotte Trowsdale,dbartleman2o@walmart.com,6583171,Once a month,Audiobook,Mystery,Deny Bartleman
Daryl Ingraham,eswansbury2p@yale.edu,6834450,Once a month,Physical,Historical Fiction,Emmery Swansbury
Vanda Grzesiak,ghunnaball2q@aboutads.info,6702409,Once a week,E-book,Historical Fiction,Gibb Hunnaball
Lazar Nicklinson,tcurdell2r@instagram.com,6798121,Once a week,Physical,Horror,Tasha Curdell
